personId|personName|isBlocked|createTime|gender|birthday|country|city
33065|Sawers|false|1577837161273|male|1993-01-11|China|Zhuhai
28292|Matiko|false|1577837686546|male|1998-03-07|France|Grenoble
94167|Napier|false|1577837912799|female|1983-08-03|Estonia|Tallinn
37445|Zeigler|false|1577838730716|female|1999-09-07|Portugal|Évora
66671|Lafuente|false|1577840387795|male|1981-05-03|Niger|Agadez
32025|Donnarumma|false|1577840545679|female|1994-10-25|Pakistan|Sukkur
19395|Lonsdale|false|1577842287475|female|1994-03-28|China|Baoding
87451|Chaichua|false|1577842546902|male|1984-05-28|Russia|Zhukovsky
58203|Zoer|false|1577844669462|female|1991-04-13|Russia|Krasnodar
98176|Francis Hyacinth Of Savoy|false|1577844768073|female|1990-09-16|India|Gwalior